<?xml version="1.0" encoding="UTF-8"?>
<!-- Created with TexturePacker https://www.codeandweb.com/texturepacker -->
<!-- $TexturePacker:SmartUpdate:245401e719732cffb365fdf403df57c3:8d08721c2db237caf979270636cef450:a3c246832ea35f0bdda766159aff8361$ -->
<!--Format:
n  => name of the sprite
x  => sprite x pos in texture
y  => sprite y pos in texture
w  => sprite width (may be trimmed)
h  => sprite height (may be trimmed)
pX => x pos of the pivot point (relative to sprite width)
pY => y pos of the pivot point (relative to sprite height)
oX => sprite's x-corner offset (only available if trimmed)
oY => sprite's y-corner offset (only available if trimmed)
oW => sprite's original width (only available if trimmed)
oH => sprite's original height (only available if trimmed)
r => 'y' only set if sprite is rotated
with polygon mode enabled:
vertices   => points in sprite coordinate system (x0,y0,x1,y1,x2,y2, ...)
verticesUV => points in sheet coordinate system (x0,y0,x1,y1,x2,y2, ...)
triangles  => sprite triangulation, 3 vertex indices per triangle
-->
<TextureAtlas imagePath="sprites.png" width="512" height="336">
    <sprite n="100.png" x="0" y="0" w="32" h="32"/>
    <sprite n="200.png" x="32" y="0" w="32" h="32"/>
    <sprite n="300.png" x="64" y="0" w="32" h="32"/>
    <sprite n="400.png" x="96" y="0" w="32" h="32"/>
    <sprite n="500.png" x="128" y="0" w="32" h="32"/>
    <sprite n="700.png" x="160" y="0" w="32" h="32"/>
    <sprite n="800.png" x="192" y="0" w="32" h="32"/>
    <sprite n="1000.png" x="224" y="0" w="32" h="32"/>
    <sprite n="1600.png" x="256" y="0" w="32" h="32"/>
    <sprite n="2000.png" x="288" y="0" w="32" h="32"/>
    <sprite n="3000.png" x="320" y="0" w="32" h="32"/>
    <sprite n="5000.png" x="352" y="0" w="32" h="32"/>
    <sprite n="blinky_run_d1.png" x="384" y="0" w="32" h="32"/>
    <sprite n="blinky_run_d2.png" x="416" y="0" w="32" h="32"/>
    <sprite n="blinky_run_l1.png" x="448" y="0" w="32" h="32"/>
    <sprite n="blinky_run_l2.png" x="480" y="0" w="32" h="32"/>
    <sprite n="blinky_run_r1.png" x="0" y="32" w="32" h="32"/>
    <sprite n="blinky_run_r2.png" x="32" y="32" w="32" h="32"/>
    <sprite n="blinky_run_u1.png" x="64" y="32" w="32" h="32"/>
    <sprite n="blinky_run_u2.png" x="96" y="32" w="32" h="32"/>
    <sprite n="blue_run1.png" x="128" y="32" w="32" h="32"/>
    <sprite n="blue_run2.png" x="160" y="32" w="32" h="32"/>
    <sprite n="blue_run3.png" x="192" y="32" w="32" h="32"/>
    <sprite n="blue_run4.png" x="224" y="32" w="32" h="32"/>
    <sprite n="clyde_run_d1.png" x="256" y="32" w="32" h="32"/>
    <sprite n="clyde_run_d2.png" x="288" y="32" w="32" h="32"/>
    <sprite n="clyde_run_l1.png" x="320" y="32" w="32" h="32"/>
    <sprite n="clyde_run_l2.png" x="352" y="32" w="32" h="32"/>
    <sprite n="clyde_run_r1.png" x="384" y="32" w="32" h="32"/>
    <sprite n="clyde_run_r2.png" x="416" y="32" w="32" h="32"/>
    <sprite n="clyde_run_u1.png" x="448" y="32" w="32" h="32"/>
    <sprite n="clyde_run_u2.png" x="480" y="32" w="32" h="32"/>
    <sprite n="debug_1.png" x="0" y="64" w="16" h="16"/>
    <sprite n="debug_2.png" x="16" y="64" w="16" h="16"/>
    <sprite n="dot.png" x="32" y="64" w="16" h="16"/>
    <sprite n="eyes_d.png" x="48" y="64" w="32" h="32"/>
    <sprite n="eyes_l.png" x="80" y="64" w="32" h="32"/>
    <sprite n="eyes_r.png" x="112" y="64" w="32" h="32"/>
    <sprite n="eyes_u.png" x="144" y="64" w="32" h="32"/>
    <sprite n="fruit_apple.png" x="176" y="64" w="32" h="32"/>
    <sprite n="fruit_bell.png" x="208" y="64" w="32" h="32"/>
    <sprite n="fruit_cherry.png" x="240" y="64" w="32" h="32"/>
    <sprite n="fruit_galaxian.png" x="272" y="64" w="32" h="32"/>
    <sprite n="fruit_key.png" x="304" y="64" w="32" h="32"/>
    <sprite n="fruit_melon.png" x="336" y="64" w="32" h="32"/>
    <sprite n="fruit_orange.png" x="368" y="64" w="32" h="32"/>
    <sprite n="fruit_strawberry.png" x="400" y="64" w="32" h="32"/>
    <sprite n="inky_run_d1.png" x="432" y="64" w="32" h="32"/>
    <sprite n="inky_run_d2.png" x="464" y="64" w="32" h="32"/>
    <sprite n="inky_run_l1.png" x="0" y="96" w="32" h="32"/>
    <sprite n="inky_run_l2.png" x="32" y="96" w="32" h="32"/>
    <sprite n="inky_run_r1.png" x="64" y="96" w="32" h="32"/>
    <sprite n="inky_run_r2.png" x="96" y="96" w="32" h="32"/>
    <sprite n="inky_run_u1.png" x="128" y="96" w="32" h="32"/>
    <sprite n="inky_run_u2.png" x="160" y="96" w="32" h="32"/>
    <sprite n="pacman_die1.png" x="192" y="96" w="32" h="32"/>
    <sprite n="pacman_die2.png" x="224" y="96" w="32" h="32"/>
    <sprite n="pacman_die3.png" x="256" y="96" w="32" h="32"/>
    <sprite n="pacman_die4.png" x="288" y="96" w="32" h="32"/>
    <sprite n="pacman_die5.png" x="320" y="96" w="32" h="32"/>
    <sprite n="pacman_die6.png" x="352" y="96" w="32" h="32"/>
    <sprite n="pacman_die7.png" x="384" y="96" w="32" h="32"/>
    <sprite n="pacman_die8.png" x="416" y="96" w="32" h="32"/>
    <sprite n="pacman_die9.png" x="448" y="96" w="32" h="32"/>
    <sprite n="pacman_die10.png" x="480" y="96" w="32" h="32"/>
    <sprite n="pacman_die11.png" x="0" y="128" w="32" h="32"/>
    <sprite n="pacman_die12.png" x="32" y="128" w="32" h="32"/>
    <sprite n="pacman_die13.png" x="64" y="128" w="32" h="32"/>
    <sprite n="pacman_die14.png" x="96" y="128" w="32" h="32"/>
    <sprite n="pacman_die15.png" x="128" y="128" w="32" h="32"/>
    <sprite n="pacman_die16.png" x="160" y="128" w="32" h="32"/>
    <sprite n="pacman_idle.png" x="192" y="128" w="32" h="32"/>
    <sprite n="pacman_run1.png" x="224" y="128" w="32" h="32"/>
    <sprite n="pacman_run2.png" x="256" y="128" w="32" h="32"/>
    <sprite n="pacman_run3.png" x="288" y="128" w="32" h="32"/>
    <sprite n="pellet.png" x="320" y="128" w="16" h="16"/>
    <sprite n="pinky_run_d1.png" x="336" y="128" w="32" h="32"/>
    <sprite n="pinky_run_d2.png" x="368" y="128" w="32" h="32"/>
    <sprite n="pinky_run_l1.png" x="400" y="128" w="32" h="32"/>
    <sprite n="pinky_run_l2.png" x="432" y="128" w="32" h="32"/>
    <sprite n="pinky_run_r1.png" x="464" y="128" w="32" h="32"/>
    <sprite n="pinky_run_r2.png" x="0" y="160" w="32" h="32"/>
    <sprite n="pinky_run_u1.png" x="32" y="160" w="32" h="32"/>
    <sprite n="pinky_run_u2.png" x="64" y="160" w="32" h="32"/>
    <sprite n="portal_entrance_1_1.png" x="96" y="160" w="32" h="32"/>
    <sprite n="portal_entrance_1_2.png" x="128" y="160" w="32" h="32"/>
    <sprite n="portal_entrance_1_3.png" x="160" y="160" w="32" h="32"/>
    <sprite n="portal_entrance_2_1.png" x="192" y="160" w="32" h="32"/>
    <sprite n="portal_entrance_2_2.png" x="224" y="160" w="32" h="32"/>
    <sprite n="portal_entrance_2_3.png" x="256" y="160" w="32" h="32"/>
    <sprite n="portal_entrance_2_4.png" x="288" y="160" w="128" h="128"/>
    <sprite n="portal_shot_1.png" x="416" y="160" w="32" h="32"/>
    <sprite n="portal_shot_2.png" x="448" y="160" w="32" h="32"/>
    <sprite n="wb.png" x="480" y="160" w="16" h="16"/>
    <sprite n="wb_w.png" x="496" y="160" w="16" h="16"/>
    <sprite n="wbl.png" x="0" y="288" w="16" h="16"/>
    <sprite n="wbl_w.png" x="16" y="288" w="16" h="16"/>
    <sprite n="wbli.png" x="32" y="288" w="16" h="16"/>
    <sprite n="wbli_w.png" x="48" y="288" w="16" h="16"/>
    <sprite n="wbls.png" x="64" y="288" w="16" h="16"/>
    <sprite n="wbls2.png" x="80" y="288" w="16" h="16"/>
    <sprite n="wbls2_w.png" x="96" y="288" w="16" h="16"/>
    <sprite n="wbls_w.png" x="112" y="288" w="16" h="16"/>
    <sprite n="wblsg.png" x="128" y="288" w="16" h="16"/>
    <sprite n="wblsg_w.png" x="144" y="288" w="16" h="16"/>
    <sprite n="wblst.png" x="160" y="288" w="16" h="16"/>
    <sprite n="wblst_w.png" x="176" y="288" w="16" h="16"/>
    <sprite n="wbr.png" x="192" y="288" w="16" h="16"/>
    <sprite n="wbr_w.png" x="208" y="288" w="16" h="16"/>
    <sprite n="wbri.png" x="224" y="288" w="16" h="16"/>
    <sprite n="wbri_w.png" x="240" y="288" w="16" h="16"/>
    <sprite n="wbrs.png" x="256" y="288" w="16" h="16"/>
    <sprite n="wbrs2.png" x="272" y="288" w="16" h="16"/>
    <sprite n="wbrs2_w.png" x="288" y="288" w="16" h="16"/>
    <sprite n="wbrs_w.png" x="304" y="288" w="16" h="16"/>
    <sprite n="wbrsg.png" x="320" y="288" w="16" h="16"/>
    <sprite n="wbrsg_w.png" x="336" y="288" w="16" h="16"/>
    <sprite n="wbrst.png" x="352" y="288" w="16" h="16"/>
    <sprite n="wbrst_w.png" x="368" y="288" w="16" h="16"/>
    <sprite n="wbs.png" x="384" y="288" w="16" h="16"/>
    <sprite n="wbs_w.png" x="400" y="288" w="16" h="16"/>
    <sprite n="wl.png" x="416" y="288" w="16" h="16"/>
    <sprite n="wl_w.png" x="432" y="288" w="16" h="16"/>
    <sprite n="wls.png" x="448" y="288" w="16" h="16"/>
    <sprite n="wls_w.png" x="464" y="288" w="16" h="16"/>
    <sprite n="wltst.png" x="480" y="288" w="16" h="16"/>
    <sprite n="wltst_w.png" x="496" y="288" w="16" h="16"/>
    <sprite n="wr.png" x="0" y="304" w="16" h="16"/>
    <sprite n="wr_w.png" x="16" y="304" w="16" h="16"/>
    <sprite n="wrs.png" x="32" y="304" w="16" h="16"/>
    <sprite n="wrs_w.png" x="48" y="304" w="16" h="16"/>
    <sprite n="wrtst.png" x="64" y="304" w="16" h="16"/>
    <sprite n="wrtst_w.png" x="80" y="304" w="16" h="16"/>
    <sprite n="wt.png" x="96" y="304" w="16" h="16"/>
    <sprite n="wt_w.png" x="112" y="304" w="16" h="16"/>
    <sprite n="wtl.png" x="128" y="304" w="16" h="16"/>
    <sprite n="wtl_w.png" x="144" y="304" w="16" h="16"/>
    <sprite n="wtli.png" x="160" y="304" w="16" h="16"/>
    <sprite n="wtli_w.png" x="176" y="304" w="16" h="16"/>
    <sprite n="wtls.png" x="192" y="304" w="16" h="16"/>
    <sprite n="wtls2.png" x="208" y="304" w="16" h="16"/>
    <sprite n="wtls2_w.png" x="224" y="304" w="16" h="16"/>
    <sprite n="wtls_w.png" x="240" y="304" w="16" h="16"/>
    <sprite n="wtlsg.png" x="256" y="304" w="16" h="16"/>
    <sprite n="wtlsg_w.png" x="272" y="304" w="16" h="16"/>
    <sprite n="wtlst.png" x="288" y="304" w="16" h="16"/>
    <sprite n="wtlst_w.png" x="304" y="304" w="16" h="16"/>
    <sprite n="wtr.png" x="320" y="304" w="16" h="16"/>
    <sprite n="wtr_w.png" x="336" y="304" w="16" h="16"/>
    <sprite n="wtri.png" x="352" y="304" w="16" h="16"/>
    <sprite n="wtri_w.png" x="368" y="304" w="16" h="16"/>
    <sprite n="wtrs.png" x="384" y="304" w="16" h="16"/>
    <sprite n="wtrs2.png" x="400" y="304" w="16" h="16"/>
    <sprite n="wtrs2_w.png" x="416" y="304" w="16" h="16"/>
    <sprite n="wtrs_w.png" x="432" y="304" w="16" h="16"/>
    <sprite n="wtrsg.png" x="448" y="304" w="16" h="16"/>
    <sprite n="wtrsg_w.png" x="464" y="304" w="16" h="16"/>
    <sprite n="wtrst.png" x="480" y="304" w="16" h="16"/>
    <sprite n="wtrst_w.png" x="496" y="304" w="16" h="16"/>
    <sprite n="wts.png" x="0" y="320" w="16" h="16"/>
    <sprite n="wts_w.png" x="16" y="320" w="16" h="16"/>
    <sprite n="wtsgc.png" x="32" y="320" w="16" h="16"/>
    <sprite n="wtsgc_w.png" x="48" y="320" w="16" h="16"/>
    <sprite n="wtsgl.png" x="64" y="320" w="16" h="16"/>
    <sprite n="wtsgl_w.png" x="80" y="320" w="16" h="16"/>
    <sprite n="wtsgr.png" x="96" y="320" w="16" h="16"/>
    <sprite n="wtsgr_w.png" x="112" y="320" w="16" h="16"/>
</TextureAtlas>
